ID,Nama_Makanan,Kalori_kcal
1,Nasi Variasi 1,250
2,Mie Variasi 2,382
3,Ayam Variasi 3,424
4,Ikan Variasi 4,356
5,Daging Variasi 5,508
6,Telur Variasi 6,210
7,Tahu Variasi 7,162
8,Tempe Variasi 8,194
9,Sayur Variasi 9,136
10,Snack Variasi 10,238
11,Nasi Variasi 11,270
12,Mie Variasi 12,402
13,Ayam Variasi 13,444
14,Ikan Variasi 14,376
15,Daging Variasi 15,528
16,Telur Variasi 16,230
17,Tahu Variasi 17,182
18,Tempe Variasi 18,214
19,Sayur Variasi 19,156
20,Snack Variasi 20,258
21,Nasi Variasi 21,290
22,Mie Variasi 22,422
23,Ayam Variasi 23,464
24,Ikan Variasi 24,396
25,Daging Variasi 25,548
26,Telur Variasi 26,250
27,Tahu Variasi 27,202
28,Tempe Variasi 28,234
29,Sayur Variasi 29,176
30,Snack Variasi 30,278
31,Nasi Variasi 31,310
32,Mie Variasi 32,442
33,Ayam Variasi 33,484
34,Ikan Variasi 34,416
35,Daging Variasi 35,568
36,Telur Variasi 36,270
37,Tahu Variasi 37,222
38,Tempe Variasi 38,254
39,Sayur Variasi 39,196
40,Snack Variasi 40,298
41,Nasi Variasi 41,330
42,Mie Variasi 42,462
43,Ayam Variasi 43,504
44,Ikan Variasi 44,436
45,Daging Variasi 45,588
46,Telur Variasi 46,290
47,Tahu Variasi 47,242
48,Tempe Variasi 48,274
49,Sayur Variasi 49,216
50,Snack Variasi 50,318
51,Nasi Variasi 51,250
52,Mie Variasi 52,382
53,Ayam Variasi 53,424
54,Ikan Variasi 54,356
55,Daging Variasi 55,508
56,Telur Variasi 56,210
57,Tahu Variasi 57,162
58,Tempe Variasi 58,194
59,Sayur Variasi 59,136
60,Snack Variasi 60,238
61,Nasi Variasi 61,270
62,Mie Variasi 62,402
63,Ayam Variasi 63,444
64,Ikan Variasi 64,376
65,Daging Variasi 65,528
66,Telur Variasi 66,230
67,Tahu Variasi 67,182
68,Tempe Variasi 68,214
69,Sayur Variasi 69,156
70,Snack Variasi 70,258
71,Nasi Variasi 71,290
72,Mie Variasi 72,422
73,Ayam Variasi 73,464
74,Ikan Variasi 74,396
75,Daging Variasi 75,548
76,Telur Variasi 76,250
77,Tahu Variasi 77,202
78,Tempe Variasi 78,234
79,Sayur Variasi 79,176
80,Snack Variasi 80,278
81,Nasi Variasi 81,310
82,Mie Variasi 82,442
83,Ayam Variasi 83,484
84,Ikan Variasi 84,416
85,Daging Variasi 85,568
86,Telur Variasi 86,270
87,Tahu Variasi 87,222
88,Tempe Variasi 88,254
89,Sayur Variasi 89,196
90,Snack Variasi 90,298
91,Nasi Variasi 91,330
92,Mie Variasi 92,462
93,Ayam Variasi 93,504
94,Ikan Variasi 94,436
95,Daging Variasi 95,588
96,Telur Variasi 96,290
97,Tahu Variasi 97,242
98,Tempe Variasi 98,274
99,Sayur Variasi 99,216
100,Snack Variasi 100,318
101,Nasi Variasi 101,250
102,Mie Variasi 102,382
103,Ayam Variasi 103,424
104,Ikan Variasi 104,356
105,Daging Variasi 105,508
106,Telur Variasi 106,210
107,Tahu Variasi 107,162
108,Tempe Variasi 108,194
109,Sayur Variasi 109,136
110,Snack Variasi 110,238
111,Nasi Variasi 111,270
112,Mie Variasi 112,402
113,Ayam Variasi 113,444
114,Ikan Variasi 114,376
115,Daging Variasi 115,528
116,Telur Variasi 116,230
117,Tahu Variasi 117,182
118,Tempe Variasi 118,214
119,Sayur Variasi 119,156
120,Snack Variasi 120,258
121,Nasi Variasi 121,290
122,Mie Variasi 122,422
123,Ayam Variasi 123,464
124,Ikan Variasi 124,396
125,Daging Variasi 125,548
126,Telur Variasi 126,250
127,Tahu Variasi 127,202
128,Tempe Variasi 128,234
129,Sayur Variasi 129,176
130,Snack Variasi 130,278
131,Nasi Variasi 131,310
132,Mie Variasi 132,442
133,Ayam Variasi 133,484
134,Ikan Variasi 134,416
135,Daging Variasi 135,568
136,Telur Variasi 136,270
137,Tahu Variasi 137,222
138,Tempe Variasi 138,254
139,Sayur Variasi 139,196
140,Snack Variasi 140,298
141,Nasi Variasi 141,330
142,Mie Variasi 142,462
143,Ayam Variasi 143,504
144,Ikan Variasi 144,436
145,Daging Variasi 145,588
146,Telur Variasi 146,290
147,Tahu Variasi 147,242
148,Tempe Variasi 148,274
149,Sayur Variasi 149,216
150,Snack Variasi 150,318
151,Nasi Variasi 151,250
152,Mie Variasi 152,382
153,Ayam Variasi 153,424
154,Ikan Variasi 154,356
155,Daging Variasi 155,508
156,Telur Variasi 156,210
157,Tahu Variasi 157,162
158,Tempe Variasi 158,194
159,Sayur Variasi 159,136
160,Snack Variasi 160,238
161,Nasi Variasi 161,270
162,Mie Variasi 162,402
163,Ayam Variasi 163,444
164,Ikan Variasi 164,376
165,Daging Variasi 165,528
166,Telur Variasi 166,230
167,Tahu Variasi 167,182
168,Tempe Variasi 168,214
169,Sayur Variasi 169,156
170,Snack Variasi 170,258
171,Nasi Variasi 171,290
172,Mie Variasi 172,422
173,Ayam Variasi 173,464
174,Ikan Variasi 174,396
175,Daging Variasi 175,548
176,Telur Variasi 176,250
177,Tahu Variasi 177,202
178,Tempe Variasi 178,234
179,Sayur Variasi 179,176
180,Snack Variasi 180,278
181,Nasi Variasi 181,310
182,Mie Variasi 182,442
183,Ayam Variasi 183,484
184,Ikan Variasi 184,416
185,Daging Variasi 185,568
186,Telur Variasi 186,270
187,Tahu Variasi 187,222
188,Tempe Variasi 188,254
189,Sayur Variasi 189,196
190,Snack Variasi 190,298
191,Nasi Variasi 191,330
192,Mie Variasi 192,462
193,Ayam Variasi 193,504
194,Ikan Variasi 194,436
195,Daging Variasi 195,588
196,Telur Variasi 196,290
197,Tahu Variasi 197,242
198,Tempe Variasi 198,274
199,Sayur Variasi 199,216
200,Snack Variasi 200,318
201,Nasi Variasi 201,250
202,Mie Variasi 202,382
203,Ayam Variasi 203,424
204,Ikan Variasi 204,356
205,Daging Variasi 205,508
206,Telur Variasi 206,210
207,Tahu Variasi 207,162
208,Tempe Variasi 208,194
209,Sayur Variasi 209,136
210,Snack Variasi 210,238
211,Nasi Variasi 211,270
212,Mie Variasi 212,402
213,Ayam Variasi 213,444
214,Ikan Variasi 214,376
215,Daging Variasi 215,528
216,Telur Variasi 216,230
217,Tahu Variasi 217,182
218,Tempe Variasi 218,214
219,Sayur Variasi 219,156
220,Snack Variasi 220,258
221,Nasi Variasi 221,290
222,Mie Variasi 222,422
223,Ayam Variasi 223,464
224,Ikan Variasi 224,396
225,Daging Variasi 225,548
226,Telur Variasi 226,250
227,Tahu Variasi 227,202
228,Tempe Variasi 228,234
229,Sayur Variasi 229,176
230,Snack Variasi 230,278
231,Nasi Variasi 231,310
232,Mie Variasi 232,442
233,Ayam Variasi 233,484
234,Ikan Variasi 234,416
235,Daging Variasi 235,568
236,Telur Variasi 236,270
237,Tahu Variasi 237,222
238,Tempe Variasi 238,254
239,Sayur Variasi 239,196
240,Snack Variasi 240,298
241,Nasi Variasi 241,330
242,Mie Variasi 242,462
243,Ayam Variasi 243,504
244,Ikan Variasi 244,436
245,Daging Variasi 245,588
246,Telur Variasi 246,290
247,Tahu Variasi 247,242
248,Tempe Variasi 248,274
249,Sayur Variasi 249,216
250,Snack Variasi 250,318
251,Nasi Variasi 251,250
252,Mie Variasi 252,382
253,Ayam Variasi 253,424
254,Ikan Variasi 254,356
255,Daging Variasi 255,508
256,Telur Variasi 256,210
257,Tahu Variasi 257,162
258,Tempe Variasi 258,194
259,Sayur Variasi 259,136
260,Snack Variasi 260,238
261,Nasi Variasi 261,270
262,Mie Variasi 262,402
263,Ayam Variasi 263,444
264,Ikan Variasi 264,376
265,Daging Variasi 265,528
266,Telur Variasi 266,230
267,Tahu Variasi 267,182
268,Tempe Variasi 268,214
269,Sayur Variasi 269,156
270,Snack Variasi 270,258
271,Nasi Variasi 271,290
272,Mie Variasi 272,422
273,Ayam Variasi 273,464
274,Ikan Variasi 274,396
275,Daging Variasi 275,548
276,Telur Variasi 276,250
277,Tahu Variasi 277,202
278,Tempe Variasi 278,234
279,Sayur Variasi 279,176
280,Snack Variasi 280,278
281,Nasi Variasi 281,310
282,Mie Variasi 282,442
283,Ayam Variasi 283,484
284,Ikan Variasi 284,416
285,Daging Variasi 285,568
286,Telur Variasi 286,270
287,Tahu Variasi 287,222
288,Tempe Variasi 288,254
289,Sayur Variasi 289,196
290,Snack Variasi 290,298
291,Nasi Variasi 291,330
292,Mie Variasi 292,462
293,Ayam Variasi 293,504
294,Ikan Variasi 294,436
295,Daging Variasi 295,588
296,Telur Variasi 296,290
297,Tahu Variasi 297,242
298,Tempe Variasi 298,274
299,Sayur Variasi 299,216
300,Snack Variasi 300,318
301,Nasi Variasi 301,250
302,Mie Variasi 302,382
303,Ayam Variasi 303,424
304,Ikan Variasi 304,356
305,Daging Variasi 305,508
306,Telur Variasi 306,210
307,Tahu Variasi 307,162
308,Tempe Variasi 308,194
309,Sayur Variasi 309,136
310,Snack Variasi 310,238
311,Nasi Variasi 311,270
312,Mie Variasi 312,402
313,Ayam Variasi 313,444
314,Ikan Variasi 314,376
315,Daging Variasi 315,528
316,Telur Variasi 316,230
317,Tahu Variasi 317,182
318,Tempe Variasi 318,214
319,Sayur Variasi 319,156
320,Snack Variasi 320,258
321,Nasi Variasi 321,290
322,Mie Variasi 322,422
323,Ayam Variasi 323,464
324,Ikan Variasi 324,396
325,Daging Variasi 325,548
326,Telur Variasi 326,250
327,Tahu Variasi 327,202
328,Tempe Variasi 328,234
329,Sayur Variasi 329,176
330,Snack Variasi 330,278
331,Nasi Variasi 331,310
332,Mie Variasi 332,442
333,Ayam Variasi 333,484
334,Ikan Variasi 334,416
335,Daging Variasi 335,568
336,Telur Variasi 336,270
337,Tahu Variasi 337,222
338,Tempe Variasi 338,254
339,Sayur Variasi 339,196
340,Snack Variasi 340,298
341,Nasi Variasi 341,330
342,Mie Variasi 342,462
343,Ayam Variasi 343,504
344,Ikan Variasi 344,436
345,Daging Variasi 345,588
346,Telur Variasi 346,290
347,Tahu Variasi 347,242
348,Tempe Variasi 348,274
349,Sayur Variasi 349,216
350,Snack Variasi 350,318
351,Nasi Variasi 351,250
352,Mie Variasi 352,382
353,Ayam Variasi 353,424
354,Ikan Variasi 354,356
355,Daging Variasi 355,508
356,Telur Variasi 356,210
357,Tahu Variasi 357,162
358,Tempe Variasi 358,194
359,Sayur Variasi 359,136
360,Snack Variasi 360,238
361,Nasi Variasi 361,270
362,Mie Variasi 362,402
363,Ayam Variasi 363,444
364,Ikan Variasi 364,376
365,Daging Variasi 365,528
366,Telur Variasi 366,230
367,Tahu Variasi 367,182
368,Tempe Variasi 368,214
369,Sayur Variasi 369,156
370,Snack Variasi 370,258
371,Nasi Variasi 371,290
372,Mie Variasi 372,422
373,Ayam Variasi 373,464
374,Ikan Variasi 374,396
375,Daging Variasi 375,548
376,Telur Variasi 376,250
377,Tahu Variasi 377,202
378,Tempe Variasi 378,234
379,Sayur Variasi 379,176
380,Snack Variasi 380,278
381,Nasi Variasi 381,310
382,Mie Variasi 382,442
383,Ayam Variasi 383,484
384,Ikan Variasi 384,416
385,Daging Variasi 385,568
386,Telur Variasi 386,270
387,Tahu Variasi 387,222
388,Tempe Variasi 388,254
389,Sayur Variasi 389,196
390,Snack Variasi 390,298
391,Nasi Variasi 391,330
392,Mie Variasi 392,462
393,Ayam Variasi 393,504
394,Ikan Variasi 394,436
395,Daging Variasi 395,588
396,Telur Variasi 396,290
397,Tahu Variasi 397,242
398,Tempe Variasi 398,274
399,Sayur Variasi 399,216
400,Snack Variasi 400,318
401,Nasi Variasi 401,250
402,Mie Variasi 402,382
403,Ayam Variasi 403,424
404,Ikan Variasi 404,356
405,Daging Variasi 405,508
406,Telur Variasi 406,210
407,Tahu Variasi 407,162
408,Tempe Variasi 408,194
409,Sayur Variasi 409,136
410,Snack Variasi 410,238
411,Nasi Variasi 411,270
412,Mie Variasi 412,402
413,Ayam Variasi 413,444
414,Ikan Variasi 414,376
415,Daging Variasi 415,528
416,Telur Variasi 416,230
417,Tahu Variasi 417,182
418,Tempe Variasi 418,214
419,Sayur Variasi 419,156
420,Snack Variasi 420,258
421,Nasi Variasi 421,290
422,Mie Variasi 422,422
423,Ayam Variasi 423,464
424,Ikan Variasi 424,396
425,Daging Variasi 425,548
426,Telur Variasi 426,250
427,Tahu Variasi 427,202
428,Tempe Variasi 428,234
429,Sayur Variasi 429,176
430,Snack Variasi 430,278
431,Nasi Variasi 431,310
432,Mie Variasi 432,442
433,Ayam Variasi 433,484
434,Ikan Variasi 434,416
435,Daging Variasi 435,568
436,Telur Variasi 436,270
437,Tahu Variasi 437,222
438,Tempe Variasi 438,254
439,Sayur Variasi 439,196
440,Snack Variasi 440,298
441,Nasi Variasi 441,330
442,Mie Variasi 442,462
443,Ayam Variasi 443,504
444,Ikan Variasi 444,436
445,Daging Variasi 445,588
446,Telur Variasi 446,290
447,Tahu Variasi 447,242
448,Tempe Variasi 448,274
449,Sayur Variasi 449,216
450,Snack Variasi 450,318
451,Nasi Variasi 451,250
452,Mie Variasi 452,382
453,Ayam Variasi 453,424
454,Ikan Variasi 454,356
455,Daging Variasi 455,508
456,Telur Variasi 456,210
457,Tahu Variasi 457,162
458,Tempe Variasi 458,194
459,Sayur Variasi 459,136
460,Snack Variasi 460,238
461,Nasi Variasi 461,270
462,Mie Variasi 462,402
463,Ayam Variasi 463,444
464,Ikan Variasi 464,376
465,Daging Variasi 465,528
466,Telur Variasi 466,230
467,Tahu Variasi 467,182
468,Tempe Variasi 468,214
469,Sayur Variasi 469,156
470,Snack Variasi 470,258
471,Nasi Variasi 471,290
472,Mie Variasi 472,422
473,Ayam Variasi 473,464
474,Ikan Variasi 474,396
475,Daging Variasi 475,548
476,Telur Variasi 476,250
477,Tahu Variasi 477,202
478,Tempe Variasi 478,234
479,Sayur Variasi 479,176
480,Snack Variasi 480,278
481,Nasi Variasi 481,310
482,Mie Variasi 482,442
483,Ayam Variasi 483,484
484,Ikan Variasi 484,416
485,Daging Variasi 485,568
486,Telur Variasi 486,270
487,Tahu Variasi 487,222
488,Tempe Variasi 488,254
489,Sayur Variasi 489,196
490,Snack Variasi 490,298
491,Nasi Variasi 491,330
492,Mie Variasi 492,462
493,Ayam Variasi 493,504
494,Ikan Variasi 494,436
495,Daging Variasi 495,588
496,Telur Variasi 496,290
497,Tahu Variasi 497,242
498,Tempe Variasi 498,274
499,Sayur Variasi 499,216
500,Snack Variasi 500,318
501,Nasi Variasi 501,250
502,Mie Variasi 502,382
503,Ayam Variasi 503,424
504,Ikan Variasi 504,356
505,Daging Variasi 505,508
506,Telur Variasi 506,210
507,Tahu Variasi 507,162
508,Tempe Variasi 508,194
509,Sayur Variasi 509,136
510,Snack Variasi 510,238
511,Nasi Variasi 511,270
512,Mie Variasi 512,402
513,Ayam Variasi 513,444
514,Ikan Variasi 514,376
515,Daging Variasi 515,528
516,Telur Variasi 516,230
517,Tahu Variasi 517,182
518,Tempe Variasi 518,214
519,Sayur Variasi 519,156
520,Snack Variasi 520,258
521,Nasi Variasi 521,290
522,Mie Variasi 522,422
523,Ayam Variasi 523,464
524,Ikan Variasi 524,396
525,Daging Variasi 525,548
526,Telur Variasi 526,250
527,Tahu Variasi 527,202
528,Tempe Variasi 528,234
529,Sayur Variasi 529,176
530,Snack Variasi 530,278
531,Nasi Variasi 531,310
532,Mie Variasi 532,442
533,Ayam Variasi 533,484
534,Ikan Variasi 534,416
535,Daging Variasi 535,568
536,Telur Variasi 536,270
537,Tahu Variasi 537,222
538,Tempe Variasi 538,254
539,Sayur Variasi 539,196
540,Snack Variasi 540,298
541,Nasi Variasi 541,330
542,Mie Variasi 542,462
543,Ayam Variasi 543,504
544,Ikan Variasi 544,436
545,Daging Variasi 545,588
546,Telur Variasi 546,290
547,Tahu Variasi 547,242
548,Tempe Variasi 548,274
549,Sayur Variasi 549,216
550,Snack Variasi 550,318
551,Nasi Variasi 551,250
552,Mie Variasi 552,382
553,Ayam Variasi 553,424
554,Ikan Variasi 554,356
555,Daging Variasi 555,508
556,Telur Variasi 556,210
557,Tahu Variasi 557,162
558,Tempe Variasi 558,194
559,Sayur Variasi 559,136
560,Snack Variasi 560,238
561,Nasi Variasi 561,270
562,Mie Variasi 562,402
563,Ayam Variasi 563,444
564,Ikan Variasi 564,376
565,Daging Variasi 565,528
566,Telur Variasi 566,230
567,Tahu Variasi 567,182
568,Tempe Variasi 568,214
569,Sayur Variasi 569,156
570,Snack Variasi 570,258
571,Nasi Variasi 571,290
572,Mie Variasi 572,422
573,Ayam Variasi 573,464
574,Ikan Variasi 574,396
575,Daging Variasi 575,548
576,Telur Variasi 576,250
577,Tahu Variasi 577,202
578,Tempe Variasi 578,234
579,Sayur Variasi 579,176
580,Snack Variasi 580,278
581,Nasi Variasi 581,310
582,Mie Variasi 582,442
583,Ayam Variasi 583,484
584,Ikan Variasi 584,416
585,Daging Variasi 585,568
586,Telur Variasi 586,270
587,Tahu Variasi 587,222
588,Tempe Variasi 588,254
589,Sayur Variasi 589,196
590,Snack Variasi 590,298
591,Nasi Variasi 591,330
592,Mie Variasi 592,462
593,Ayam Variasi 593,504
594,Ikan Variasi 594,436
595,Daging Variasi 595,588
596,Telur Variasi 596,290
597,Tahu Variasi 597,242
598,Tempe Variasi 598,274
599,Sayur Variasi 599,216
600,Snack Variasi 600,318
601,Nasi Variasi 601,250
602,Mie Variasi 602,382
603,Ayam Variasi 603,424
604,Ikan Variasi 604,356
605,Daging Variasi 605,508
606,Telur Variasi 606,210
607,Tahu Variasi 607,162
608,Tempe Variasi 608,194
609,Sayur Variasi 609,136
610,Snack Variasi 610,238
611,Nasi Variasi 611,270
612,Mie Variasi 612,402
613,Ayam Variasi 613,444
614,Ikan Variasi 614,376
615,Daging Variasi 615,528
616,Telur Variasi 616,230
617,Tahu Variasi 617,182
618,Tempe Variasi 618,214
619,Sayur Variasi 619,156
620,Snack Variasi 620,258
621,Nasi Variasi 621,290
622,Mie Variasi 622,422
623,Ayam Variasi 623,464
624,Ikan Variasi 624,396
625,Daging Variasi 625,548
626,Telur Variasi 626,250
627,Tahu Variasi 627,202
628,Tempe Variasi 628,234
629,Sayur Variasi 629,176
630,Snack Variasi 630,278
631,Nasi Variasi 631,310
632,Mie Variasi 632,442
633,Ayam Variasi 633,484
634,Ikan Variasi 634,416
635,Daging Variasi 635,568
636,Telur Variasi 636,270
637,Tahu Variasi 637,222
638,Tempe Variasi 638,254
639,Sayur Variasi 639,196
640,Snack Variasi 640,298
641,Nasi Variasi 641,330
642,Mie Variasi 642,462
643,Ayam Variasi 643,504
644,Ikan Variasi 644,436
645,Daging Variasi 645,588
646,Telur Variasi 646,290
647,Tahu Variasi 647,242
648,Tempe Variasi 648,274
649,Sayur Variasi 649,216
650,Snack Variasi 650,318
651,Nasi Variasi 651,250
652,Mie Variasi 652,382
653,Ayam Variasi 653,424
654,Ikan Variasi 654,356
655,Daging Variasi 655,508
656,Telur Variasi 656,210
657,Tahu Variasi 657,162
658,Tempe Variasi 658,194
659,Sayur Variasi 659,136
660,Snack Variasi 660,238
661,Nasi Variasi 661,270
662,Mie Variasi 662,402
663,Ayam Variasi 663,444
664,Ikan Variasi 664,376
665,Daging Variasi 665,528
666,Telur Variasi 666,230
667,Tahu Variasi 667,182
668,Tempe Variasi 668,214
669,Sayur Variasi 669,156
670,Snack Variasi 670,258
671,Nasi Variasi 671,290
672,Mie Variasi 672,422
673,Ayam Variasi 673,464
674,Ikan Variasi 674,396
675,Daging Variasi 675,548
676,Telur Variasi 676,250
677,Tahu Variasi 677,202
678,Tempe Variasi 678,234
679,Sayur Variasi 679,176
680,Snack Variasi 680,278
681,Nasi Variasi 681,310
682,Mie Variasi 682,442
683,Ayam Variasi 683,484
684,Ikan Variasi 684,416
685,Daging Variasi 685,568
686,Telur Variasi 686,270
687,Tahu Variasi 687,222
688,Tempe Variasi 688,254
689,Sayur Variasi 689,196
690,Snack Variasi 690,298
691,Nasi Variasi 691,330
692,Mie Variasi 692,462
693,Ayam Variasi 693,504
694,Ikan Variasi 694,436
695,Daging Variasi 695,588
696,Telur Variasi 696,290
697,Tahu Variasi 697,242
698,Tempe Variasi 698,274
699,Sayur Variasi 699,216
700,Snack Variasi 700,318
701,Nasi Variasi 701,250
702,Mie Variasi 702,382
703,Ayam Variasi 703,424
704,Ikan Variasi 704,356
705,Daging Variasi 705,508
706,Telur Variasi 706,210
707,Tahu Variasi 707,162
708,Tempe Variasi 708,194
709,Sayur Variasi 709,136
710,Snack Variasi 710,238
711,Nasi Variasi 711,270
712,Mie Variasi 712,402
713,Ayam Variasi 713,444
714,Ikan Variasi 714,376
715,Daging Variasi 715,528
716,Telur Variasi 716,230
717,Tahu Variasi 717,182
718,Tempe Variasi 718,214
719,Sayur Variasi 719,156
720,Snack Variasi 720,258
721,Nasi Variasi 721,290
722,Mie Variasi 722,422
723,Ayam Variasi 723,464
724,Ikan Variasi 724,396
725,Daging Variasi 725,548
726,Telur Variasi 726,250
727,Tahu Variasi 727,202
728,Tempe Variasi 728,234
729,Sayur Variasi 729,176
730,Snack Variasi 730,278
731,Nasi Variasi 731,310
732,Mie Variasi 732,442
733,Ayam Variasi 733,484
734,Ikan Variasi 734,416
735,Daging Variasi 735,568
736,Telur Variasi 736,270
737,Tahu Variasi 737,222
738,Tempe Variasi 738,254
739,Sayur Variasi 739,196
740,Snack Variasi 740,298
741,Nasi Variasi 741,330
742,Mie Variasi 742,462
743,Ayam Variasi 743,504
744,Ikan Variasi 744,436
745,Daging Variasi 745,588
746,Telur Variasi 746,290
747,Tahu Variasi 747,242
748,Tempe Variasi 748,274
749,Sayur Variasi 749,216
750,Snack Variasi 750,318
751,Nasi Variasi 751,250
752,Mie Variasi 752,382
753,Ayam Variasi 753,424
754,Ikan Variasi 754,356
755,Daging Variasi 755,508
756,Telur Variasi 756,210
757,Tahu Variasi 757,162
758,Tempe Variasi 758,194
759,Sayur Variasi 759,136
760,Snack Variasi 760,238
761,Nasi Variasi 761,270
762,Mie Variasi 762,402
763,Ayam Variasi 763,444
764,Ikan Variasi 764,376
765,Daging Variasi 765,528
766,Telur Variasi 766,230
767,Tahu Variasi 767,182
768,Tempe Variasi 768,214
769,Sayur Variasi 769,156
770,Snack Variasi 770,258
771,Nasi Variasi 771,290
772,Mie Variasi 772,422
773,Ayam Variasi 773,464
774,Ikan Variasi 774,396
775,Daging Variasi 775,548
776,Telur Variasi 776,250
777,Tahu Variasi 777,202
778,Tempe Variasi 778,234
779,Sayur Variasi 779,176
780,Snack Variasi 780,278
781,Nasi Variasi 781,310
782,Mie Variasi 782,442
783,Ayam Variasi 783,484
784,Ikan Variasi 784,416
785,Daging Variasi 785,568
786,Telur Variasi 786,270
787,Tahu Variasi 787,222
788,Tempe Variasi 788,254
789,Sayur Variasi 789,196
790,Snack Variasi 790,298
791,Nasi Variasi 791,330
792,Mie Variasi 792,462
793,Ayam Variasi 793,504
794,Ikan Variasi 794,436
795,Daging Variasi 795,588
796,Telur Variasi 796,290
797,Tahu Variasi 797,242
798,Tempe Variasi 798,274
799,Sayur Variasi 799,216
800,Snack Variasi 800,318
801,Nasi Variasi 801,250
802,Mie Variasi 802,382
803,Ayam Variasi 803,424
804,Ikan Variasi 804,356
805,Daging Variasi 805,508
806,Telur Variasi 806,210
807,Tahu Variasi 807,162
808,Tempe Variasi 808,194
809,Sayur Variasi 809,136
810,Snack Variasi 810,238
811,Nasi Variasi 811,270
812,Mie Variasi 812,402
813,Ayam Variasi 813,444
814,Ikan Variasi 814,376
815,Daging Variasi 815,528
816,Telur Variasi 816,230
817,Tahu Variasi 817,182
818,Tempe Variasi 818,214
819,Sayur Variasi 819,156
820,Snack Variasi 820,258
821,Nasi Variasi 821,290
822,Mie Variasi 822,422
823,Ayam Variasi 823,464
824,Ikan Variasi 824,396
825,Daging Variasi 825,548
826,Telur Variasi 826,250
827,Tahu Variasi 827,202
828,Tempe Variasi 828,234
829,Sayur Variasi 829,176
830,Snack Variasi 830,278
831,Nasi Variasi 831,310
832,Mie Variasi 832,442
833,Ayam Variasi 833,484
834,Ikan Variasi 834,416
835,Daging Variasi 835,568
836,Telur Variasi 836,270
837,Tahu Variasi 837,222
838,Tempe Variasi 838,254
839,Sayur Variasi 839,196
840,Snack Variasi 840,298
841,Nasi Variasi 841,330
842,Mie Variasi 842,462
843,Ayam Variasi 843,504
844,Ikan Variasi 844,436
845,Daging Variasi 845,588
846,Telur Variasi 846,290
847,Tahu Variasi 847,242
848,Tempe Variasi 848,274
849,Sayur Variasi 849,216
850,Snack Variasi 850,318
851,Nasi Variasi 851,250
852,Mie Variasi 852,382
853,Ayam Variasi 853,424
854,Ikan Variasi 854,356
855,Daging Variasi 855,508
856,Telur Variasi 856,210
857,Tahu Variasi 857,162
858,Tempe Variasi 858,194
859,Sayur Variasi 859,136
860,Snack Variasi 860,238
861,Nasi Variasi 861,270
862,Mie Variasi 862,402
863,Ayam Variasi 863,444
864,Ikan Variasi 864,376
865,Daging Variasi 865,528
866,Telur Variasi 866,230
867,Tahu Variasi 867,182
868,Tempe Variasi 868,214
869,Sayur Variasi 869,156
870,Snack Variasi 870,258
871,Nasi Variasi 871,290
872,Mie Variasi 872,422
873,Ayam Variasi 873,464
874,Ikan Variasi 874,396
875,Daging Variasi 875,548
876,Telur Variasi 876,250
877,Tahu Variasi 877,202
878,Tempe Variasi 878,234
879,Sayur Variasi 879,176
880,Snack Variasi 880,278
881,Nasi Variasi 881,310
882,Mie Variasi 882,442
883,Ayam Variasi 883,484
884,Ikan Variasi 884,416
885,Daging Variasi 885,568
886,Telur Variasi 886,270
887,Tahu Variasi 887,222
888,Tempe Variasi 888,254
889,Sayur Variasi 889,196
890,Snack Variasi 890,298
891,Nasi Variasi 891,330
892,Mie Variasi 892,462
893,Ayam Variasi 893,504
894,Ikan Variasi 894,436
895,Daging Variasi 895,588
896,Telur Variasi 896,290
897,Tahu Variasi 897,242
898,Tempe Variasi 898,274
899,Sayur Variasi 899,216
900,Snack Variasi 900,318
901,Nasi Variasi 901,250
902,Mie Variasi 902,382
903,Ayam Variasi 903,424
904,Ikan Variasi 904,356
905,Daging Variasi 905,508
906,Telur Variasi 906,210
907,Tahu Variasi 907,162
908,Tempe Variasi 908,194
909,Sayur Variasi 909,136
910,Snack Variasi 910,238
911,Nasi Variasi 911,270
912,Mie Variasi 912,402
913,Ayam Variasi 913,444
914,Ikan Variasi 914,376
915,Daging Variasi 915,528
916,Telur Variasi 916,230
917,Tahu Variasi 917,182
918,Tempe Variasi 918,214
919,Sayur Variasi 919,156
920,Snack Variasi 920,258
921,Nasi Variasi 921,290
922,Mie Variasi 922,422
923,Ayam Variasi 923,464
924,Ikan Variasi 924,396
925,Daging Variasi 925,548
926,Telur Variasi 926,250
927,Tahu Variasi 927,202
928,Tempe Variasi 928,234
929,Sayur Variasi 929,176
930,Snack Variasi 930,278
931,Nasi Variasi 931,310
932,Mie Variasi 932,442
933,Ayam Variasi 933,484
934,Ikan Variasi 934,416
935,Daging Variasi 935,568
936,Telur Variasi 936,270
937,Tahu Variasi 937,222
938,Tempe Variasi 938,254
939,Sayur Variasi 939,196
940,Snack Variasi 940,298
941,Nasi Variasi 941,330
942,Mie Variasi 942,462
943,Ayam Variasi 943,504
944,Ikan Variasi 944,436
945,Daging Variasi 945,588
946,Telur Variasi 946,290
947,Tahu Variasi 947,242
948,Tempe Variasi 948,274
949,Sayur Variasi 949,216
950,Snack Variasi 950,318
951,Nasi Variasi 951,250
952,Mie Variasi 952,382
953,Ayam Variasi 953,424
954,Ikan Variasi 954,356
955,Daging Variasi 955,508
956,Telur Variasi 956,210
957,Tahu Variasi 957,162
958,Tempe Variasi 958,194
959,Sayur Variasi 959,136
960,Snack Variasi 960,238
961,Nasi Variasi 961,270
962,Mie Variasi 962,402
963,Ayam Variasi 963,444
964,Ikan Variasi 964,376
965,Daging Variasi 965,528
966,Telur Variasi 966,230
967,Tahu Variasi 967,182
968,Tempe Variasi 968,214
969,Sayur Variasi 969,156
970,Snack Variasi 970,258
971,Nasi Variasi 971,290
972,Mie Variasi 972,422
973,Ayam Variasi 973,464
974,Ikan Variasi 974,396
975,Daging Variasi 975,548
976,Telur Variasi 976,250
977,Tahu Variasi 977,202
978,Tempe Variasi 978,234
979,Sayur Variasi 979,176
980,Snack Variasi 980,278
981,Nasi Variasi 981,310
982,Mie Variasi 982,442
983,Ayam Variasi 983,484
984,Ikan Variasi 984,416
985,Daging Variasi 985,568
986,Telur Variasi 986,270
987,Tahu Variasi 987,222
988,Tempe Variasi 988,254
989,Sayur Variasi 989,196
990,Snack Variasi 990,298
991,Nasi Variasi 991,330
992,Mie Variasi 992,462
993,Ayam Variasi 993,504
994,Ikan Variasi 994,436
995,Daging Variasi 995,588
996,Telur Variasi 996,290
997,Tahu Variasi 997,242
998,Tempe Variasi 998,274
999,Sayur Variasi 999,216
1000,Snack Variasi 1000,318
